[
  {
    "name": "Rui",
    "registered": "no"
  },
  {
    "name": "Jonathan",
    "registered": "yes"
  },
  {
    "name": "Emma",
    "registered": "yes"
  },
  {
    "name": "Jaylyn",
    "registered": "no"
  },
  {
    "name": "Miranda",
    "registered": "yes"
  },
  {
    "name": "Jade",
    "registered": "yes"
  },
  {
    "name": "Alanna",
    "registered": "no"
  },
  {
    "name": "Akira",
    "registered": "no"
  },
  {
    "name": "Bianca",
    "registered": "yes"
  },
  {
    "name": "Jamie",
    "registered": "no"
  },
  {
    "name": "Ryley",
    "registered": "yes"
  },
  {
    "name": "Autumn",
    "registered": "no"
  },
  {
    "name": "Joey",
    "registered": "yes"
  },
  {
    "name": "Kai",
    "registered": "yes"
  },
  {
    "name": "Kayvon",
    "registered": "no"
  },
  {
    "name": "Jeanine",
    "registered": "yes"
  },
  {
    "name": "Otis",
    "registered": "no"
  },
  {
    "name": "Michael",
    "registered": "yes"
  },
  {
    "name": "Selene",
    "registered": "yes"
  }
]
